{
  "train_loss": [
    0.1040375204529944
  ],
  "valid_loss": [
    0.2130936700131103
  ]
}